{
  "input_features": [
    "temperature",
    "humidity",
    "pressure"
  ],
  "output_targets": [
    "pm25",
    "pm10"
  ],
  "model_size": 246,
  "mse_pm25": 797.9406051038379,
  "mse_pm10": 1864.615502804083,
  "mae_pm25": 18.11283285950827,
  "mae_pm10": 29.004688732691893,
  "r2_pm25": 0.12269628105140817,
  "r2_pm10": 0.10679809201986235
}